<?xml version="1.0" encoding="UTF-8"?>
<!DOCTYPE mapper PUBLIC "-//mybatis.org//DTD Mapper 3.0//EN" "http://mybatis.org/dtd/mybatis-3-mapper.dtd" >
<mapper namespace="member">

<!-- 	<resultMap type="MemberDto" id="MemberMap">
		<result column="MEMBER_SEQ" property="seq" />
		<result column="MEMBER_ID" property="id" />
		<result column="MEMBER_PW" property="pw" />
		<result column="MEMBER_NAME" property="name" />
		<result column="MEMBER_PHONE" property="phone" />
		<result column="MEMBER_ADDR" property="addr" />
		<result column="MEMBER_EMAIL" property="email" />
		<result column="MEMBER_REGDATE" property="regdate" />
		<result column="MEMBER_ENABLED" property="enabled" />
		<result column="MEMBER_ROLE" property="role" />
		<result column="MEMBER_VOTE" property="vote" />
	</resultMap> -->

	<select id="selectList" resultType="memberDto">
		SELECT * FROM MEMBER
	</select>

	<insert id="insert" parameterType="memberDto">
		INSERT INTO MEMBER
		VALUES(MEMBERSEQ.NEXTVAL,#{member_id},#{member_pw},#{member_name},#{member_phone},#{member_addr},#{member_email},SYSDATE,'Y','USER',0, 1)
	</insert>

	<update id="update" parameterType="memberDto">
		UPDATE MEMBER SET
		MEMBER_PW=#{member_pw}, MEMBER_NAME=#{member_name} WHERE
		MEMBER_ID=#{member_id}
	</update>

	<delete id="delete" parameterType="String">
		DELETE FROM MEMBER WHERE
		MEMBER_ID=#{member_id}
	</delete>

	<delete id="muldel" parameterType="String">
		DELETE FROM MEMBER WHERE MEMBER_ID IN
		<foreach collection="list" item="item" open="(" separator=","
			close=")">
			#{item}
		</foreach>
	</delete>

	<select id="selectUser" resultType="java.util.Map">
		SELECT
		MEMBER_ID as username,
		MEMBER_PW as password,
		MEMBER_NAME as membername,
		MEMBER_ENABLED as enabled,
		MEMBER_ROLE as authority,
		MEMBER_SEQ, 
		MEMBER_EMAIL,
		MEMBER_PHONE, 
		MEMBER_ADDR,
		MEMBER_REGDATE, 
		MEMBER_HEART,
		MEMBER_VOTE
		FROM MEMBER
		WHERE MEMBER_ID=#{member_id}
	</select>

	<insert id="insertUser" parameterType="map">
		INSERT INTO MEMBER
		VALUES(MEMBERSEQ.NEXTVAL,#{member_id},#{member_pw},#{member_name},#{member_phone},#{member_addr},#{member_email},SYSDATE, 0, 1,'ROLE_USER',1)
	</insert>

	<!-- 회원가입 및 체크 -->
	<insert id="memberRegister" parameterType="memberDto">
		INSERT INTO MEMBER
		VALUES(MEMBERSEQ.NEXTVAL,#{member_id},#{member_pw},#{member_name},#{member_phone},#{member_addr},#{member_email}, SYSDATE, 0, 1, 'ROLE_USER',1)
	</insert>
	<select id="loginChk" parameterType="map"
		resultType="memberDto">
		SELECT * FROM MEMBER WHERE MEMBER_ID = #{member_id} AND MEMBER_PW = #{member_pw}
	</select>

	<select id="idChk" parameterType="String"
		resultType="com.my.test.dto.MemberJoinDto">
		SELECT * FROM MEMBER WHERE MEMBER_ID =#{member_id}
	</select>

	<!-- 이름으로 이메일 가져오기(아이디) -->
	<select id="bringByname" parameterType="map"
		resultType="MemberDto">
		SELECT * FROM USER_INFO WHERE USER_NAME = #{member_name} AND
		USER_NICKNAME = #{member_nickname}
	</select>
	<!-- 이름으로 이메일 가져오기(패스워드) -->
	<select id="bringByid" parameterType="map"
		resultType="memberDto">
		SELECT * FROM MEMBER WHERE USER_NAME = #{member_name} AND
		USER_ID = #{member_id}
	</select>
	<!-- 임시비밀번호로 바꾸기 -->
	<update id="changePw" parameterType="memberDto">
		UPDATE MEMBER SET USER_PW = #{member_pw} WHERE USER_ID = #{member_id}
	</update>
	
	<!-- 마켓: 하트 구매하기  -->
	<update id="purchaseHeart" parameterType="map">
		UPDATE MEMBER SET MEMBER_HEART = ((SELECT MEMBER_HEART FROM MEMBER WHERE MEMBER_ID = #{member_id}) + #{heart})
		WHERE MEMBER_ID = #{member_id}	
	</update>
	
	<!-- 마켓: 투표권 구매하기 -->
	<update id="purchaseVote" parameterType="map">
		UPDATE MEMBER 
		SET MEMBER_HEART = ((SELECT MEMBER_HEART FROM MEMBER WHERE MEMBER_ID = #{member_id}) - #{heart}),
			MEMBER_VOTE = ((SELECT MEMBER_VOTE FROM MEMBER WHERE MEMBER_ID = #{member_id}) + #{vote})
		WHERE MEMBER_ID = #{member_id}
	</update>
	
	
	<insert id="insertVote" parameterType="com.my.test.vote.VoteDto">
		INSERT INTO VOTE
		VALUES(#{page}, #{starName}, #{voteNumber})
	</insert>
	
	<select id="selectOneVote" parameterType="com.my.test.vote.VoteDto" resultType="com.my.test.vote.VoteDto">
		SELECT * FROM VOTE
		WHERE VOTE_PAGE=#{page} AND VOTE_NAME=#{starName}
	</select>
	
	<update id="updateVote" parameterType="com.my.test.vote.VoteDto">
		UPDATE VOTE
		SET VOTE_TOTAL=((VOTE_TOTAL)+#{voteNumber})
		WHERE VOTE_PAGE=#{page} AND VOTE_NAME=#{starName}
	</update>
</mapper>
